{
"30.10.2023": {
"8:37": [
0.0,
false,
1,
false,
"max_self_consumption"
],
"8:40": [
1.9972385344372854,
false,
0,
false,
"max_self_consumption"
],
"8:45": [
3.859997950686349,
false,
0,
false,
"max_self_consumption"
],
"8:50": [
9.425286657214166,
false,
0,
false,
"max_self_consumption"
],
"8:55": [
0.2899857225683,
false,
0,
false,
"max_self_consumption"
]
}
}