{
"30.10.2023": {
"8:37": [
0.0,
false,
1,
false,
"max_self_consumption"
],
"8:40": [
1.9972385344372854,
false,
0,
false,
"max_self_consumption"
],
"8:45": [
3.859997950686349,
false,
0,
false,
"max_self_consumption"
],
"8:50": [
9.425286657214166,
false,
0,
false,
"max_self_consumption"
],
"8:55": [
0.33827746582031254,
false,
0,
false,
"max_self_consumption"
],
"8:56": [
0.13502598349253336,
false,
0,
false,
"max_self_consumption"
],
"8:57": [
0.3394594090779623,
false,
0,
false,
"max_self_consumption"
],
"8:58": [
0.3362917790412903,
false,
0,
false,
"max_self_consumption"
],
"8:59": [
0.3311354274749756,
false,
0,
false,
"max_self_consumption"
]
}
}