{
"30.10.2023": {
"8:37": [
0.0,
false,
1,
false,
"max_self_consumption"
],
"8:40": [
1.9972385344372854,
false,
0,
false,
"max_self_consumption"
],
"8:45": [
3.859997950686349,
false,
0,
false,
"max_self_consumption"
],
"8:50": [
9.425286657214166,
false,
0,
false,
"max_self_consumption"
],
"8:55": [
0.33827746582031254,
false,
0,
false,
"max_self_consumption"
],
"8:56": [
0.13502598349253336,
false,
0,
false,
"max_self_consumption"
],
"8:57": [
0.3394594090779623,
false,
0,
false,
"max_self_consumption"
],
"8:58": [
0.3362917790412903,
false,
0,
false,
"max_self_consumption"
],
"8:59": [
0.2956250312725703,
false,
0,
false,
"max_self_consumption"
],
"9:5": [
10.919907858424716,
false,
0,
false,
"max_self_consumption"
],
"9:10": [
10.639106203211679,
false,
0,
false,
"max_self_consumption"
],
"9:15": [
9.84446112277773,
false,
1,
false,
"max_self_consumption"
],
"9:20": [
1.4352077692747116,
false,
1,
false,
"max_self_consumption"
],
"9:25": [
5.451447495500247,
false,
0,
false,
"max_self_consumption"
],
"9:30": [
11.812487178550827,
false,
0,
false,
"max_self_consumption"
],
"9:35": [
11.680520824313165,
false,
0,
false,
"max_self_consumption"
],
"9:40": [
11.597200493216516,
false,
0,
false,
"max_self_consumption"
],
"9:45": [
11.772416645791795,
false,
0,
false,
"max_self_consumption"
],
"9:50": [
11.77333885908127,
false,
0,
false,
"max_self_consumption"
]
}
}