{
"29.10.2023": {
"23:7": [
0.27105555555555555,
false,
0,
false,
"always_on"
],
"23:8": [
0.14096386550532447,
false,
0,
false,
"always_on"
],
"23:10": [
5.764051628642612,
false,
0,
false,
"always_on"
],
"23:15": [
8.879224557651415,
true,
1,
true,
"always_on"
]
}
}