{
"30.10.2023": {
"8:37": [
0.0,
false,
1,
false,
"max_self_consumption"
],
"8:40": [
1.9972385344372854,
false,
0,
false,
"max_self_consumption"
],
"8:45": [
3.859997950686349,
false,
0,
false,
"max_self_consumption"
],
"8:50": [
9.425286657214166,
false,
0,
false,
"max_self_consumption"
],
"8:55": [
0.33827746582031254,
false,
0,
false,
"max_self_consumption"
],
"8:56": [
0.13502598349253336,
false,
0,
false,
"max_self_consumption"
],
"8:57": [
0.3394594090779623,
false,
0,
false,
"max_self_consumption"
],
"8:58": [
0.3362917790412903,
false,
0,
false,
"max_self_consumption"
],
"8:59": [
0.2956250312725703,
false,
0,
false,
"max_self_consumption"
],
"9:5": [
10.919907858424716,
false,
0,
false,
"max_self_consumption"
],
"9:10": [
10.639106203211679,
false,
0,
false,
"max_self_consumption"
],
"9:15": [
9.84446112277773,
false,
1,
false,
"max_self_consumption"
],
"9:20": [
1.4352077692747116,
false,
1,
false,
"max_self_consumption"
],
"9:25": [
5.451447495500247,
false,
0,
false,
"max_self_consumption"
],
"9:30": [
11.812487178550827,
false,
0,
false,
"max_self_consumption"
],
"9:35": [
11.680520824313165,
false,
0,
false,
"max_self_consumption"
],
"9:40": [
11.597200493216516,
false,
0,
false,
"max_self_consumption"
],
"9:45": [
11.772416645791795,
false,
0,
false,
"max_self_consumption"
],
"9:50": [
11.77333885908127,
false,
0,
false,
"max_self_consumption"
],
"9:55": [
0.33634862486521405,
false,
0,
false,
"max_self_consumption"
],
"9:56": [
0.3787905677159627,
false,
0,
false,
"max_self_consumption"
],
"9:57": [
0.3356031330426534,
false,
0,
false,
"max_self_consumption"
],
"9:58": [
0.3385383089383443,
false,
0,
false,
"max_self_consumption"
],
"9:59": [
0.3414626547495524,
false,
0,
false,
"max_self_consumption"
],
"10:5": [
9.808248311360677,
false,
0,
false,
"max_self_consumption"
],
"10:10": [
9.812859771437113,
false,
0,
false,
"max_self_consumption"
],
"10:15": [
9.389919614295163,
false,
0,
false,
"max_self_consumption"
],
"10:20": [
0.9384817231231266,
false,
1,
false,
"max_self_consumption"
],
"10:25": [
0.0,
false,
1,
false,
"max_self_consumption"
],
"10:30": [
6.958596521437168,
false,
1,
false,
"max_self_consumption"
],
"10:35": [
0.36579332631164124,
false,
0,
false,
"max_self_consumption"
],
"10:40": [
10.992108074724674,
false,
0,
false,
"max_self_consumption"
],
"10:45": [
9.294112797313266,
false,
0,
false,
"max_self_consumption"
],
"10:50": [
3.023833087272114,
false,
1,
false,
"max_self_consumption"
],
"10:55": [
0.0,
false,
1,
false,
"max_self_consumption"
],
"10:56": [
0.0,
false,
1,
false,
"max_self_consumption"
],
"10:57": [
0.0,
false,
1,
false,
"max_self_consumption"
],
"10:58": [
0.0,
false,
1,
false,
"max_self_consumption"
],
"10:59": [
0.0,
false,
1,
false,
"max_self_consumption"
],
"11:5": [
7.454299693783123,
false,
0,
false,
"max_self_consumption"
],
"11:10": [
9.195821490877202,
false,
0,
false,
"max_self_consumption"
],
"11:15": [
7.632195562210345,
false,
0,
false,
"max_self_consumption"
],
"11:20": [
6.427237346967059,
false,
0,
false,
"max_self_consumption"
],
"11:25": [
6.151329465349516,
false,
0,
false,
"max_self_consumption"
],
"11:30": [
5.349563139922087,
false,
0,
false,
"max_self_consumption"
],
"11:35": [
4.89263933366537,
false,
0,
false,
"max_self_consumption"
],
"11:40": [
4.449237437784672,
false,
0,
false,
"max_self_consumption"
],
"11:45": [
3.9970699440638224,
false,
0,
false,
"max_self_consumption"
],
"11:50": [
3.6352140883273547,
false,
0,
false,
"max_self_consumption"
],
"11:55": [
0.10868065081702337,
false,
0,
false,
"max_self_consumption"
],
"11:56": [
0.11292549774381849,
false,
0,
false,
"max_self_consumption"
],
"11:57": [
0.11240182065963744,
false,
0,
false,
"max_self_consumption"
]
}
}