{
"29.10.2023": {
"23:7": [
0.27105555555555555,
false,
0,
false,
"always_on"
],
"23:8": [
0.14096386550532447,
false,
0,
false,
"always_on"
]
}
}